Index;Term;Count;Df;Idf;Rel. Frequency
1;artificial intelligence;15;47;1.5947071077466928;1.468895053386522e-05
2;automotive;6;475;2.421385680931161;0.00014845215965076552

Index;Term;Count;Df;Idf;Rel. Frequency
1;artificial intelligence;13;44;1.6567795363890705;1.456866809263024e-05
2;automotive;8;477;2.09861228866811;0.00015793760636783239

